,Unnamed: 0,copyright,creditline,createdate,division,period,totalpageviews,accessionyear,classification,style,commentary,technique,description,medium,title,accessionmethod,provenance,dated,department,dateend,people,century,objectnumber,labeltext,culture,objectid,dimensions
4,14,,"Harvard Art Museums/Fogg Museum, Transfer from the Carpenter Center for the Visual Arts, American Professional Photographers Collection",2002-11-01T00:00:00-05:00,Modern and Contemporary Art,,16,2011.0,Photographs,,,"Negative, gelatin silver (film)",,,Untitled (interior of living room with oriental rug on floor and portrait on wall),Transfer,,c. 1930-1944,Department of Photographs,1944,"[{'role': 'Artist', 'birthplace': None, 'gender': 'unknown', 'displaydate': 'active 1930s-1940s', 'prefix': None, 'culture': 'American', 'displayname': 'O. B. Porter Studio', 'alphasort': 'O. B. Porter Studio', 'name': 'O. B. Porter Studio', 'personid': 22610, 'deathplace': None, 'displayorder': 1}]",20th century,4.2002.10962,,American,131517,image: 20.32 x 25.4 cm (8 x 10 in.)
5,31,,"Harvard Art Museums/Fogg Museum, Transfer from the Carpenter Center for the Visual Arts, American Professional Photographers Collection",2002-11-01T00:00:00-05:00,Modern and Contemporary Art,,3,2011.0,Photographs,,,"Negative, gelatin silver (film)",,,Untitled (group portrait of wedding party posed in room with columns and oriental rug),Transfer,,1949,Department of Photographs,1949,"[{'role': 'Artist', 'birthplace': None, 'gender': 'unknown', 'displaydate': '20th century', 'prefix': None, 'culture': 'American', 'displayname': 'Martin Schweig', 'alphasort': 'Schweig, Martin', 'name': 'Martin Schweig', 'personid': 22265, 'deathplace': None, 'displayorder': 1}]",20th century,4.2002.9275,,American,132983,image: 10.16 x 12.7 cm (4 x 5 in.)
30,72,,"Harvard Art Museums/Arthur M. Sackler Museum, Ernest B. and Helen Pratt Dane Fund for Asian Art",1998-07-13T00:00:00-04:00,Asian and Mediterranean Art,"Karakota period, c. 7th-9th centuries",2965,1990.0,Manuscripts,,"Label text from exhibition “Re-View,” an overview of objects drawn from the collections of Harvard Art Museums, 26 April 2008 – 1 July 2013;  label text written by Kim Masteller, Assistant Curator of Islamic and Later Indian Art, Division of Asian and Mediterranean Art:

Standing Three-Headed Shiva
India, Kashmir, Karakota period, 8th–9th century 
Dark gray chlorite
Arthur M. Sackler Museum, Ernest B. and Helen Pratt Dane Fund for the Acquisition of Oriental Art, 1990.1

In the early centuries of the medieval period, Kashmir was a flourishing center of Hindu and Buddhist practices where several cults developed, including localized forms of Shaivism, the worship of the Hindu god Shiva. This work depicts a common icon in the Kashmiri Shaivite tradition, a three-headed form of Shiva known as Maheshvara (great lord). His smooth, rounded form, squat proportions, and flattened features closely resemble the artistic style that developed just before and during the rule of the Kashmiri king Avantivarman (r. c. 855–83). Kashmir was at the cross¬roads between India and the provincial Hellenistic region of Gandhara to the north. The suggestion of musculature in Shiva’s torso reveals the lingering influence of Gandharan styles upon Kashmiri art.
",,,Dark gray chlorite,Standing Three-Headed Shiva,Purchase,"[Spink and Son Ltd., London, (by 1989-1990)] sold; to Harvard University Art Museums, 1990.","Karakota period, circa 700-900",Department of Asian Art,900,,8th-9th century,1990.1,"Numerous attributes identify this crowned figure as the great Hindu god Shiva: the vertical third eye, linked snakes across the chest, tiger skin draped across the thigh, and an erect phallus, symbol of both potency and control. The three heads express different aspects of this manifold deity. A smiling female, a benign male, and a violent male perhaps correspond to Shiva’s powers as creator, protector, and destroyer. The now missing arms would have held additional emblems to communicate the god’s cosmic powers.
Sacred texts describe Shiva’s complex and paradoxical character. Probably developing around 200 BCE, Shaivism, or the worship of Shiva, had become widespread in India by the late sixth century. A multitude of visual forms—abstract and anthropomorphic—arose to represent Shiva’s grace, energy, and mythic exploits. The rounded forms, well-modeled musculature, and controlled exuberance of this figure characterize the sculptural style that developed in late ninth-century Kashmir, during the reign of the Karkota dynasty (625–1003).",,200467,66.7 x 25.2 x 11.4 cm (26 1/4 x 9 15/16 x 4 1/2 in.)
32,94,,"Harvard Art Museums/Arthur M. Sackler Museum, Gift of The Hagop Kevorkian Foundation in memory of Hagop Kevorkian",1997-07-06T00:00:00-04:00,Asian and Mediterranean Art,"Byzantine period, Early",131,1975.0,Textile Arts,,"Similar to small fragment in Yale University Art Gallery (1956.8.6) and Metropolitan Museum of Art 90.5.841.

For large hangings with braided columns, see Metropolitan Museum of Art 22.124.3 and 22.124.6 and Victoria and Albert Museum T.232-1917. See the braided column on the far leftof the Dionysus Hanging in the Abegg-Stiftung (3100a) and in Museum of Fine Arts, Boston 57.180.

The braid motif is also very similar to the fresco from Bawit Chapel I, north wall. This is illustrated in Jean Clédat, Le monastère et la nécropole de Baouît (MIFAO 12), Cairo: Le Caire imprimerie de l’Institut français d&#39;archéologie orientale, 1904, Pl. XI.","Woven, mixed technique","This wide tapestry band in polychrome wool and linen is probably a fragment from a large hanging. It possibly represented a decorated column, which were common devices for dividing up scenes and motifs and evoking architecture on large-scale wall hangings. These columns were elaborately and colorfully decorated, with braid motifs especially favored.
This fragment’s design consists of a simple double-filleted border (green and buff) on either side of a four-strand braid against a dark background. Buff dots fill the interstices in the braid. Each strand of the braid is composed of three different colors (either red, light buff, and dark buff or light yellow, dark yellow, and dark buff), the lightest of which is always in the middle—creating an effect of shading and variety. Each strand has a dark outline that blends into the braid’s background.
The linen warps run perpendicularly to the length of the braid design, further supporting the suggestion that this piece belonged to a long curtain.
A strip of plain-woven linen survives on one side of the tapestry band.","Wool and linen, tapestry and plain weave",Fragment: Braid Motif,Gift,,4th-5th century,Department of Ancient and Byzantine Art & Numismatics,500,,4th-5th century CE,1975.41.21,,Byzantine,288238,actual: 44.5 x 17.58 cm (17 1/2 x 6 15/16 in.)
34,91,,"Harvard Art Museums/Arthur M. Sackler Museum, Gift of Damon Mezzacappa",1997-07-06T00:00:00-04:00,Asian and Mediterranean Art,Classical period,92,1986.0,Seals,,,Intaglio,"This chalcedony cylinder seal features an image of a lion chasing a stag. Both animals are in mid-leap, with their legs extended almost horizontally. The lion has large paws and a long tail that flies out behind it. Its face and mane are rendered in minute detail, with the nose, eye, ear, and individual tufts of fur all shown. The musculature of the lion’s body is modeled, especially at the shoulder. The stag’s body is more flat, though it is rounded at the shoulder. Its eye, ear, and a four-point antler are all shown. There is no groundline in the scene. A large chip is missing from beneath the stag.

Lion attacks occur on Persian and Greek seals of the sixth through fourth centuries BCE. It is difficult to identify where this seal was made, since the modeled carving style is not specific to a certain region. However, cylinder seals were in wide use in the Achaemenid Persian Empire. Furthermore, the impression of a seal on a cuneiform tablet excavated at Persepolis features a comparable scene of lions attacking a stag (1); the carving style and details of this seal are similar to those that appear on the Harvard seal.

NOTE

1. J. E. Gates, “The Ethnicity Name Game: What Lies Behind ‘Graeco-Persian?’” Ars Orientalis 32 (2002) fig. 1.
",Gray-blue chalcedony,Cylinder Seal: Lion Chasing a Stag,Gift,,525-350 BCE,Department of Ancient and Byzantine Art & Numismatics,-350,,6th-4th century BCE,1986.554,,Achaemenid,289171,2.9 x 1.5 cm (1 1/8 x 9/16 in.)
35,97,,"Harvard Art Museums/Arthur M. Sackler Museum, Bequest of David M. Robinson",1997-07-06T00:00:00-04:00,Asian and Mediterranean Art,"Classical period, Late, to Early Hellenistic",53,1960.0,Vessels,,,,Crouching lion with head as spout. Griffin. Woman's head in profile wearing oriental cap. Part of handle missing.,Terracotta,Attic Red-figure Strainer with Crouching Lion,Bequest,,4th century BCE,Department of Ancient and Byzantine Art & Numismatics,0,,4th century BCE,1960.373,,Greek,290732,11.6 cm (4 9/16 in.)
36,43,,"Harvard Art Museums/Arthur M. Sackler Museum, Bequest of Joseph C. Hoppin",1997-07-06T00:00:00-04:00,Asian and Mediterranean Art,Classical period,567,1925.0,Vessels,Red-figure,,Red-figure,"This vase features a lively party scene, focusing on a central dancer who is highlighted by white skin and clothing. She dances atop a small table, stretching her arms out in front of her as she kicks her legs into the air. Her short, knee-length tunic is of an oriental style, coming from the eastern regions of the Mediterranean, white with black speckles, and she wears a matching headdress. She is accompanied by a pipe-player who stands in front of her wearing a long tunic and her hair tied back donning an ivy wreath. Behind her stands the nude figure of Silenos (elderly companion of Dionysos) with one hand on his hip and the other holding a thyrsus (ivy-topped staff). Mirroring him on the other side of the dancer is another companion of Dionysos: a maenad. She faces the dancer wearing a long tunic fastened at the waist and has a fine headdress and earrings. She also holds a thyrsus while her other hand rests on her hip. 

On the opposite side of the vase, in far cruder rendering, are two draped youths facing each other in conversation. The youth on the left holds an oil flask and a strigil, two items associated with athletic activities in the gymnasium. The other holds a walking stick, a frequent symbol of Athenian male citizenship. Above them is a semicircular object with a cross-like design. 
",Terracotta,Calyx Krater (mixing bowl for wine and water): Exotic Dancer,Bequest,"Joseph C. Hoppin, Pomfret, CT, (1893-1901), bequest; to the Fogg Art Museum, 1925.",c. 400 BCE,Department of Ancient and Byzantine Art & Numismatics,-395,"[{'role': 'Artist', 'birthplace': None, 'gender': 'unknown', 'displaydate': 'active 4th century BCE', 'prefix': 'Attributed to', 'culture': 'Greek', 'displayname': 'Attributed to The Nikias Painter', 'alphasort': 'Nikias Painter', 'name': 'The Nikias Painter', 'personid': 20862, 'deathplace': None, 'displayorder': 1}]",4th century BCE,1925.30.11,,Greek,291587,H. 22.9 x Dia. 22.6 cm (9 x 8 7/8 in.)
37,49,,"Harvard Art Museums/Arthur M. Sackler Museum, Gift of the Misses Norton",1997-07-05T00:00:00-04:00,Asian and Mediterranean Art,Hellenistic period,11,1920.0,Sculpture,,,,"Figure dressed in long-sleeved tunic, possibly an oriental dancer's costume. Head is inclined, right arm is raised and slightly bent, left arm broken off.  Broken off at waist, back unmodeled.
Pale, reddish brown clay.",Terracotta,Head and Torso of Attys,Gift,"Miss Elizabeth Gaskell Norton, Boston, MA and Miss Margaret Norton, Cambridge, MA (by 1920), gift; to the Fogg Museum, 1920.

Note: The Misses Norton were daughters of Charles Elliot Norton (1827-1908).",323-31 BCE,Department of Ancient and Byzantine Art & Numismatics,-31,,4th-1st century BCE,1920.44.13,,Greek,292487,5.3 x 5.4 cm (2 1/16 x 2 1/8 in.)
38,18,,"Harvard Art Museums/Fogg Museum, Gift of Maida and George S. Abrams",1997-07-03T00:00:00-04:00,European and American Art,,22,1985.0,Drawings,,,,,Watercolor on off-white antique laid paper (Oriental fiber),Study of Moths and Fruit,Gift,"Gerard Meÿer, Amsterdam, sold to Maida and George Abrams, Boston, 1981. Meÿer first dealt in Abbenbroek and later moved to Amsterdam.
",19th century,Department of Drawings,0,"[{'role': 'Artist', 'birthplace': None, 'gender': 'unknown', 'displaydate': None, 'prefix': None, 'culture': None, 'displayname': 'Unidentified Artist', 'alphasort': 'Unidentified Artist', 'name': 'Unidentified Artist', 'personid': 34147, 'deathplace': None, 'displayorder': 1}]",19th century,1985.188,,Chinese,294048,actual: 17 x 13.3 cm (6 11/16 x 5 1/4 in.)
39,70,,"Harvard Art Museums/Fogg Museum, Gift of Maida and George S. Abrams",1997-07-03T00:00:00-04:00,European and American Art,,5,1985.0,Drawings,,,,,Watercolor on off-white antique laid paper (Oriental fiber),Study of Wasps and a Flower,Gift,"Gerard Meÿer, Amsterdam, sold to Maida and George Abrams, Boston, 1981. Meÿer first dealt in Abbenbroek and later moved to Amsterdam.
",19th century,Department of Drawings,0,"[{'role': 'Artist', 'birthplace': None, 'gender': 'unknown', 'displaydate': None, 'prefix': None, 'culture': None, 'displayname': 'Unidentified Artist', 'alphasort': 'Unidentified Artist', 'name': 'Unidentified Artist', 'personid': 34147, 'deathplace': None, 'displayorder': 1}]",19th century,1985.189,,Chinese,294385,actual: 16.8 x 12.9 cm (6 5/8 x 5 1/16 in.)
40,42,,"Harvard Art Museums/Fogg Museum, Bequest of Frances L. Hofer",1997-07-03T00:00:00-04:00,European and American Art,,25,1979.0,Drawings,,,,,Graphite on off-white paper,Oriental Scene,Bequest,"Philip and Frances L. Hofer, Cambridge, Massachusetts; bequest of Frances L. Hofer, 1979.165",18th-19th century,Department of Drawings,0,"[{'role': 'Artist', 'birthplace': None, 'gender': 'male', 'displaydate': '1774 - 1852', 'prefix': None, 'culture': 'British', 'displayname': 'George Chinnery', 'alphasort': 'Chinnery, George', 'name': 'George Chinnery', 'personid': 32545, 'deathplace': None, 'displayorder': 1}]",18th-19th century,1979.165,,British,295212,17.6 x 12.5 cm (6 15/16 x 4 15/16 in.)
41,80,,"Harvard Art Museums/Fogg Museum, Bequest of Frances L. Hofer",1997-07-03T00:00:00-04:00,European and American Art,,30,1979.0,Drawings,,,,,Graphite and brown ink on white paper,Oriental Scene,Bequest,"Philip and Frances L. Hofer, Cambridge, Massachusetts; bequest of Frances L. Hofer, 1979.247",18th-19th century,Department of Drawings,0,"[{'role': 'Artist', 'birthplace': None, 'gender': 'male', 'displaydate': '1774 - 1852', 'prefix': None, 'culture': 'British', 'displayname': 'George Chinnery', 'alphasort': 'Chinnery, George', 'name': 'George Chinnery', 'personid': 32545, 'deathplace': None, 'displayorder': 1}]",18th-19th century,1979.247,,British,295450,20.8 x 30 cm (8 3/16 x 11 13/16 in.)
42,3,,"Harvard Art Museums/Fogg Museum, Bequest of Grenville L. Winthrop",1997-07-03T00:00:00-04:00,European and American Art,,81,1943.0,Drawings,,,,,Watercolor on off-white wove paper,Standing Man in Oriental Costume,Bequest,"Grenville L. Winthrop, bequest; to Fogg Art Museum, 1943",1860s,Department of Drawings,1869,"[{'role': 'Artist', 'birthplace': None, 'gender': 'unknown', 'displaydate': '1843 - 1925', 'prefix': 'Possibly by', 'culture': 'Italian', 'displayname': 'Possibly by Attilio Simonetti', 'alphasort': 'Simonetti, Attilio', 'name': 'Attilio Simonetti', 'personid': 28725, 'deathplace': None, 'displayorder': 1}, {'role': 'Artist', 'birthplace': 'Reus, Spain', 'gender': 'male', 'displaydate': '1838 - 1874', 'prefix': 'Possibly by', 'culture': 'Spanish', 'displayname': 'Possibly by Mariano (José Bernardo) Fortuny y Marsal', 'alphasort': 'Fortuny y Marsal, Mariano (José Bernardo)', 'name': 'Mariano (José Bernardo) Fortuny y Marsal', 'personid': 20639, 'deathplace': 'Rome', 'displayorder': 2}]",19th century,1943.293,,Italian,297700,33.1 x 22.7 cm (13 1/16 x 8 15/16 in.)
43,0,,"Harvard Art Museums/Fogg Museum, Gift of Grenville L. Winthrop, Class of 1886",1997-07-03T00:00:00-04:00,European and American Art,,147,1942.0,Drawings,,,,,Watercolor and graphite on cream wove paper,An Oriental Holding a Horse,Gift,,1820-1823,Department of Drawings,1823,"[{'role': 'Artist', 'birthplace': 'Rouen', 'gender': 'male', 'displaydate': '1791 - 1824', 'prefix': None, 'culture': 'French', 'displayname': 'Théodore Géricault', 'alphasort': 'Géricault, Théodore', 'name': 'Théodore Géricault', 'personid': 21958, 'deathplace': 'Paris', 'displayorder': 1}]",19th century,1942.30,,French,298108,20.7 x 26.4 cm (8 1/8 x 10 3/8 in.)
44,77,,"Harvard Art Museums/Fogg Museum, Gift of Grenville L. Winthrop, Class of 1886",1997-07-03T00:00:00-04:00,European and American Art,,52,1942.0,Drawings,,,,,Watercolor and graphite on cream laid paper,Oriental Dancer with Legs Crossed,Gift,"Ernest Durig; [The Leonard Clayton Gallery, Inc., New York] sold; to Grenville L. Winthrop, 1936",19th century,Department of Drawings,0,"[{'role': 'Artist', 'birthplace': 'Paris, France', 'gender': 'male', 'displaydate': '1840 - 1917', 'prefix': 'Imitator of', 'culture': 'French', 'displayname': 'Imitator of Auguste Rodin', 'alphasort': 'Rodin, Auguste', 'name': 'Auguste Rodin', 'personid': 28336, 'deathplace': 'Meudon, France', 'displayorder': 1}, {'role': 'Artist', 'birthplace': 'Zurich, Switzerland', 'gender': 'unknown', 'displaydate': '1894 - 1962', 'prefix': None, 'culture': 'Swiss', 'displayname': 'Ernest Durig', 'alphasort': 'Durig, Ernest', 'name': 'Ernest Durig', 'personid': 23017, 'deathplace': 'Washington, DC', 'displayorder': 2}]",19th century,1942.93,,French,298188,35.5 x 24.1 cm (14 x 9 1/2 in.)
45,66,,"Harvard Art Museums/Fogg Museum, Gift of Grenville L. Winthrop, Class of 1886",1997-07-03T00:00:00-04:00,European and American Art,,51,1942.0,Drawings,,,,,Watercolor and graphite on cream wove paper,Oriental Dancer,Gift,"Ernest Durig; [The Leonard Clayton Gallery, Inc., New York] sold; to Grenville L. Winthrop, 1936",19th century,Department of Drawings,0,"[{'role': 'Artist', 'birthplace': 'Paris, France', 'gender': 'male', 'displaydate': '1840 - 1917', 'prefix': 'Imitator of', 'culture': 'French', 'displayname': 'Imitator of Auguste Rodin', 'alphasort': 'Rodin, Auguste', 'name': 'Auguste Rodin', 'personid': 28336, 'deathplace': 'Meudon, France', 'displayorder': 1}, {'role': 'Artist', 'birthplace': 'Zurich, Switzerland', 'gender': 'unknown', 'displaydate': '1894 - 1962', 'prefix': None, 'culture': 'Swiss', 'displayname': 'Ernest Durig', 'alphasort': 'Durig, Ernest', 'name': 'Ernest Durig', 'personid': 23017, 'deathplace': 'Washington, DC', 'displayorder': 2}]",19th century,1942.91,,French,298481,30 x 22.7 cm (11 13/16 x 8 15/16 in.)
46,64,,"Harvard Art Museums/Fogg Museum, Bequest of Grenville L. Winthrop",1996-05-01T00:00:00-04:00,European and American Art,,3036,1943.0,Paintings,,,,,Oil on canvas,A Turk Surrenders to a Greek Horseman,Bequest,"Ferdinand Victor Eugène Delacroix, sold; to [Tedesco Frères, Paris, April 1856].  Léon Fraissinet, Marseille, by 1873. Baron de Beurnonville. E. Secrétan, by 1855, sold [his sale, Christie's, London, July 12, 1889, no. 14]; to [Boussod, Valadon et Cie, Paris], sold; to Isidore Montaignac, October 4, 1890. George I. Seney, New York, sold; to [Broussod, Valadon et Cie, Paris, March 9, 1892], sold; to F. L. Ames, New York, March 24, 1892. Louis Sarlin, Paris, by 1910, sold [through his sale, Galerie Georges Petit, Paris, March 2, 1918, no. 28], sold; to Herman Heilbuth, Copenhagen, sold [probably on his behalf by Winkel and Magnusson, Copenhagen (?)]. Hodebert, Paris, by 1929. Renou, by 1930. Grenville L. Winthrop [through Martin Birnbaum], November 30, 1930, bequest; to Fogg Art Museum, 1943.",1856,"Department of Paintings, Sculpture & Decorative Arts",1856,"[{'role': 'Artist', 'birthplace': 'Charenton Saint-Maurice France', 'gender': 'male', 'displaydate': '1798 - 1863', 'prefix': None, 'culture': 'French', 'displayname': 'Ferdinand-Victor-Eugène Delacroix', 'alphasort': 'Delacroix, Ferdinand-Victor-Eugène', 'name': 'Ferdinand-Victor-Eugène Delacroix', 'personid': 35105, 'deathplace': 'Paris France', 'displayorder': 1}]",19th century,1943.233,"In the mid-1850s, Delacroix returned to themes he had treated thirty years earlier, though with an important difference. Rather than carefully distinguish literary from historical and topical subjects, he conflated them, as in this instance. Here, he draws on Byron’s description of the giaour (a Turkish slur for non-Muslims) overcoming the Turkish pasha in his poem “The Giaour, a Fragment of a Turkish Tale” (1813). To a contemporary audience, the composition could have appeared to be an episode from the Greek War of Independence (1821–32), a romantic cause célèbre that had inspired two of Delacroix’s large canvases of the 1820s. The result is a nostalgic invention that appealed to mid-century French orientalist fantasies.",French,303412,"80 x 64.1 cm (31 1/2 x 25 1/4 in.)
framed: 107.3 x 90.8 x 11.4 cm (42 1/4 x 35 3/4 x 4 1/2 in.)"
47,68,,"Harvard Art Museums/Fogg Museum, Gift of Miss Emily Sargent and Mrs. Francis Ormond in memory of their brother, John Singer Sargent",1995-12-08T00:00:00-05:00,European and American Art,,425,1931.0,Drawings,,,,,Graphite on off-white wove paper,Nude Oriental Youth with Apple Blossom,Gift,"To the artist's sisters, Violet (Mrs. Francis) Ormond and Emily Sargent, at his death, 1925; their gift to the Fogg Art Museum, 1931.
",c. 1878-79,Department of Drawings,1883,"[{'role': 'Artist', 'birthplace': 'Florence, Italy', 'gender': 'male', 'displaydate': '1856 - 1925', 'prefix': None, 'culture': 'American', 'displayname': 'John Singer Sargent', 'alphasort': 'Sargent, John Singer', 'name': 'John Singer Sargent', 'personid': 28495, 'deathplace': 'London, England', 'displayorder': 1}]",19th century,1931.87.A,,American,310510,actual: 15 x 9 cm (5 7/8 x 3 9/16 in.)
48,22,,"Harvard Art Museums/Fogg Museum, Bequest of Mrs. William Hayes Fogg",1998-08-13T00:00:00-04:00,European and American Art,,4232,1895.0,Paintings,,,,,Oil on canvas,Leander's Tower on the Bosporus,Bequest,"Purchased by William Hayes Fogg, New York, NY, before 1877, bequest; to his wife, Mrs. William Hayes Fogg, 1884, bequest; to the Fogg Art Museum, 1895.
",1876,"Department of American Paintings, Sculpture & Decorative Arts",1876,"[{'role': 'Artist', 'birthplace': 'Greenfield, NY', 'gender': 'male', 'displaydate': '1823 - 1880', 'prefix': None, 'culture': 'American', 'displayname': 'Sanford Robinson Gifford', 'alphasort': 'Gifford, Sanford Robinson', 'name': 'Sanford Robinson Gifford', 'personid': 22251, 'deathplace': 'New York, NY', 'displayorder': 1}]",19th century,1895.716,"In this view of the Bosporus, the strait that forms the boundary between Europe and Asia, Gifford applies the atmospheric, luminist style of his Hudson River School landscapes to a well-known vista in the Near East. Western tourists counted the Bosporus and Leander’s Tower, the lighthouse that rises above the water on the left side of the painting, among Turkey’s major attractions. Echoing other period accounts, Gifford described the harbor as the “vision of a fairy land . . .the towers and domes and minarets, glittering and golden in the early sun.”
Gifford visited and sketched the Bosporus while traveling through the Near East in 1869. Like many nineteenth-century American painters, he journeyed abroad to capitalize on the growing interest in “oriental” subjects. In the 1870s, he completed multiple paintings of Turkey and Egypt based on sketches from his trip.",American,310953,"48.4 x 99.4 cm (19 1/16 x 39 1/8 in.)
frame: 77.5 x 128.3 x 11.4 cm (30 1/2 x 50 1/2 x 4 1/2 in.)"
49,39,,"Harvard Art Museums/Fogg Museum, Gift of Belinda L. Randall from the collection of John Witt Randall",1997-07-02T00:00:00-04:00,European and American Art,,119,1898.0,Drawings,,,,,"Red chalk on cream antique laid paper, laid down on cream antique laid paper with blue paper strips adhered to face, framing lines in black ink",Man in Oriental Costume Holding a Pipe,Gift,"Robert Gilmor, Jr., Baltimore, MD; to his estate, 1848; to probably Gardner L. Chandler, Salem, MA; to John Witt Randall, Boston, MA, bequest; to his sister Belinda L. Randall, 1892, gift; to Harvard University, 1892.",18th century,Department of Drawings,0,"[{'role': 'Artist', 'birthplace': 'Nice', 'gender': 'unknown', 'displaydate': '1705 - 1765', 'prefix': 'Circle of', 'culture': 'French', 'displayname': 'Circle of Charles-André, called Carle Vanloo', 'alphasort': 'Vanloo, Charles-André, called Carle', 'name': 'Charles-André, called Carle Vanloo', 'personid': 27259, 'deathplace': 'Paris', 'displayorder': 1}]",18th century,1898.47,,French,312403,29.7 x 19.4 cm (11 11/16 x 7 5/8 in.)
55,79,,"Harvard Art Museums/Fogg Museum, Acquisition Fund for Prints",2012-11-08T16:49:52-05:00,European and American Art,,13,2012.0,Prints,,,Engraving,,Engraving on antique laid paper,"An Oriental Grandee, a Peasant with a Cock attached to his Belt and a Veiled Woman Playing the Rumbling-Pot",Purchase,"[Jan Johnson Prints, Chambly, QC, Canada, 2012], to; Harvard Art Museums/Fogg Museum, 2012.",1595-1596,Department of Prints,1596,"[{'role': 'Artist', 'birthplace': None, 'gender': 'male', 'displaydate': '1561 - c. 1604', 'prefix': None, 'culture': 'Dutch', 'displayname': 'Zacharias Dolendo', 'alphasort': 'Dolendo, Zacharias', 'name': 'Zacharias Dolendo', 'personid': 31848, 'deathplace': None, 'displayorder': 1}, {'role': 'Artist after', 'birthplace': 'Antwerp, Netherlands', 'gender': 'male', 'displaydate': '1565 - 1629', 'prefix': 'After', 'culture': 'Dutch', 'displayname': 'After Jacques de Gheyn II', 'alphasort': 'Gheyn, Jacques de II', 'name': 'Jacques de Gheyn II', 'personid': 20701, 'deathplace': 'The Hague, Netherlands', 'displayorder': 2}, {'role': 'Publisher', 'birthplace': 'Antwerp, Netherlands', 'gender': 'male', 'displaydate': '1565 - 1629', 'prefix': 'Published by', 'culture': 'Dutch', 'displayname': 'Published by Jacques de Gheyn II', 'alphasort': 'Gheyn, Jacques de II', 'name': 'Jacques de Gheyn II', 'personid': 20701, 'deathplace': 'The Hague, Netherlands', 'displayorder': 3}]",16th century,2012.227,,Dutch,342848,"image: 22.3 x 16.7 cm (8 3/4 x 6 9/16 in.)
plate: 24.1 x 17.2 cm (9 1/2 x 6 3/4 in.)
sheet: 38 x 27.5 cm (14 15/16 x 10 13/16 in.)
"
56,84,,"Harvard Art Museums/Straus Center for Conservation and Technical Studies, Alan Burroughs Collection of X-Radiographs",2013-02-27T12:10:38-05:00,,,2,,Photographs,,,,"X-Radiograph Description: Negative (Number ; 1 - negative needs conservation); Overall; 

Burroughs Number: 08

X-Radiograph(s) of: 
Artist: Grimou, Alexis, Swiss, 1678-1733
Title: An Oriental Prince
Description: canvas ( stretcher)
Owner: Crocker Gallery, Sacramento, CA
Object Number: 64",,"X-radiograph(s) of ""An Oriental Prince""",Not Recorded,,,Straus Center for Conservation and Technical Studies,0,"[{'role': 'Related name', 'birthplace': 'Romont', 'gender': 'unknown', 'displaydate': '1680 - 1740', 'prefix': 'Artist of original:', 'culture': 'French', 'displayname': 'Artist of original: Alexis Grimou', 'alphasort': 'Grimou, Alexis', 'name': 'Alexis Grimou', 'personid': 19120, 'deathplace': 'Paris', 'displayorder': 1}]",,Straus.4113,,,343606,
57,66,,"Harvard Art Museums/Straus Center for Conservation and Technical Studies, Alan Burroughs Collection of X-Radiographs",2013-02-27T13:39:50-05:00,,,1,,Photographs,,,,"X-Radiograph Description: X-radiograph; Negative; Portrait visible underneath

Burroughs Number: 1684

X-Radiograph(s) of: 
Artist: Flinck, Govaert (?), Dutch, 1615-1660
Artist: Also att. to School of Rembrandt
Title: An Oriental
Description: Wood (cradle)
Owner: Private Collection
",,"X-radiograph(s) of ""An Oriental""",Not Recorded,,,Straus Center for Conservation and Technical Studies,0,"[{'role': 'Related name', 'birthplace': 'Cleves', 'gender': 'unknown', 'displaydate': '1615 - 1660', 'prefix': 'Artist of original: (?)', 'culture': 'Dutch', 'displayname': 'Artist of original: (?) Govert Flinck', 'alphasort': 'Flinck, Govert', 'name': 'Govert Flinck', 'personid': 20409, 'deathplace': 'Amsterdam, Netherlands', 'displayorder': 1}, {'role': 'Related name', 'birthplace': 'Leiden', 'gender': 'male', 'displaydate': '1606 - 1669', 'prefix': 'Artist of original: Also att. to School of', 'culture': 'Dutch', 'displayname': 'Artist of original: Also att. to School of Rembrandt Harmensz. van Rijn', 'alphasort': 'Rembrandt Harmensz. van Rijn', 'name': 'Rembrandt Harmensz. van Rijn', 'personid': 28241, 'deathplace': 'Amsterdam', 'displayorder': 2}]",,Straus.5896,,,345389,film size: 14 x 17
58,96,,"Harvard Art Museums/Straus Center for Conservation and Technical Studies, Alan Burroughs Collection of X-Radiographs",2013-02-27T14:02:39-05:00,,,0,,Photographs,,,,"X-Radiograph Description: X-Radiograph

Burroughs Number: 3611

X-Radiograph(s) of: 
Artist: Rembrandt van Rijn, Dutch, 1606-1669
Title: An Oriental
Owner: Rijksmuseum, Amsterdam
",,"X-radiograph(s) of ""An Oriental""",Not Recorded,,,Straus Center for Conservation and Technical Studies,0,"[{'role': 'Related name', 'birthplace': 'Leiden', 'gender': 'male', 'displaydate': '1606 - 1669', 'prefix': 'Artist of original:', 'culture': 'Dutch', 'displayname': 'Artist of original: Rembrandt Harmensz. van Rijn', 'alphasort': 'Rembrandt Harmensz. van Rijn', 'name': 'Rembrandt Harmensz. van Rijn', 'personid': 28241, 'deathplace': 'Amsterdam', 'displayorder': 1}]",,Straus.7727,,,347220,
59,97,,"Harvard Art Museums/Fogg Museum, Anonymous loan and promised gift in honor of Mason Hammond",2015-07-27T14:26:24-04:00,European and American Art,,15,2015.0,Drawings,,,,,Graphite on brown wove paper,Young Woman Wearing a Mob Cap; verso: Man with Oriental Costume,Long Term Loan and Promised Gift,"Anonymous loan and promised gift in honor of Mason Hammond, 2015",c. 1849-51,Department of Drawings,1854,"[{'role': 'Artist', 'birthplace': 'Lowell, MA', 'gender': 'male', 'displaydate': '1834 - 1903', 'prefix': None, 'culture': 'American', 'displayname': 'James Abbott McNeill Whistler', 'alphasort': 'Whistler, James Abbott McNeill', 'name': 'James Abbott McNeill Whistler', 'personid': 29383, 'deathplace': 'London, England', 'displayorder': 1}]",19th century,33.2015.24,,American,353716,18.6 x 13.4 cm (7 5/16 x 5 1/4 in.)
60,53,© Gilles Peress/Magnum Photos,"Harvard Art Museums/Straus Center for Conservation and Technical Studies, Gift of John Erdman and Gary Schneider",2017-10-06T12:56:06-04:00,,,1,2017.0,Photographs,,,Gelatin silver print,Printed on Oriental Seagull paper,,"One of Ten prints from one negative of ""Halloween, Minneapolis"" by Gilles Peress printed by Gary Schneider",Gift,"Gary Schneider and John Erdman, gift; to the Straus Center for Conservation and Technical Studies, Harvard Art Museums, transferred; to the Center for the Technical Study of Modern Art, 2017.",20th century,Straus Center for Conservation and Technical Studies,0,"[{'role': 'Artist', 'birthplace': 'Neuilly-sur-Seine, France', 'gender': 'male', 'displaydate': 'born 1946', 'prefix': None, 'culture': 'French', 'displayname': 'Gilles Peress', 'alphasort': 'Peress, Gilles', 'name': 'Gilles Peress', 'personid': 56689, 'deathplace': None, 'displayorder': 1}, {'role': 'Printer', 'birthplace': 'East London, South Africa', 'gender': 'male', 'displaydate': 'born 1954', 'prefix': 'Printed by', 'culture': 'American', 'displayname': 'Printed by Gary Schneider', 'alphasort': 'Schneider, Gary', 'name': 'Gary Schneider', 'personid': 18077, 'deathplace': None, 'displayorder': 2}]",20th century,2017.97.42.9,,French,359871,24.1 x 33.5 cm (9 1/2 x 13 3/16 in.)
61,98,,"Harvard Art Museums/Fogg Museum, Gift of Marjorie B. and Martin Cohn from the collection of Carolyn Cohen",2018-02-22T15:31:06-05:00,European and American Art,,5,2018.0,Prints,,,Lithograph,,"Lithograph on chine collé, on off-white wove paper",Orientale,Gift,"Carolyn Cohen, bequest; to Marjorie B. and Martin Cohn, 2018, gift; to Fogg Art Museum, 2018",19th century,Department of Prints,0,"[{'role': 'Artist', 'birthplace': 'Paris', 'gender': 'male', 'displaydate': '1804 - 1866', 'prefix': None, 'culture': 'French', 'displayname': 'Paul Gavarni', 'alphasort': 'Gavarni, Paul', 'name': 'Paul Gavarni', 'personid': 21727, 'deathplace': 'Paris', 'displayorder': 1}, {'role': 'Publisher', 'birthplace': None, 'gender': 'male', 'displaydate': '1785 - 1836', 'prefix': 'Published by', 'culture': 'French', 'displayname': 'Published by Charles Étienne Pierre Motte', 'alphasort': 'Motte, Charles Étienne Pierre', 'name': 'Charles Étienne Pierre Motte', 'personid': 32646, 'deathplace': None, 'displayorder': 2}]",19th century,2018.154,,French,361418,"image: 14.7 × 20.4 cm (5 13/16 × 8 1/16 in.)
chine collé: 17.9 × 22.8 cm (7 1/16 × 9 in.)
sheet: 23.8 × 30.4 cm (9 3/8 × 11 15/16 in.)"
98,79,,"Harvard Art Museums/Fogg Museum, Bequest of Grenville L. Winthrop",1997-11-01T00:00:00-05:00,European and American Art,,1149,1943.0,Paintings,,,,,Oil on canvas,Self-Portrait,Bequest,"Painted as a gift for Theodore Watts-Dunton 1877; inherited by his wife Clara Watts-Dunton, 1914, sold; [through Sotheby’s, London, March 22, 1939, lot 43, £520]; [to Barbizon House, London.] Martin Birnbaum for Grenville L. Winthrop (1939-1943), bequeathed; to Fogg Art Museum, 1943.

Notes:
1. The names of Barbizon House and Legatt (another London dealer) are both inscribed in the margins next to lot 43 in the microfiche copy of the Sotheby’s March 22, 1939 catalogue. 
2. Grenville L. Winthrop’s records do not provide any information about where Martin Birnbaum purchased this painting in 1939.",1877,"Department of Paintings, Sculpture & Decorative Arts",1877,"[{'role': 'Artist', 'birthplace': 'Calais, France', 'gender': 'male', 'displaydate': '1821 - 1893', 'prefix': None, 'culture': 'British', 'displayname': 'Ford Madox Brown', 'alphasort': 'Brown, Ford Madox', 'name': 'Ford Madox Brown', 'personid': 29928, 'deathplace': 'London, England', 'displayorder': 1}, {'role': 'Framemaker', 'birthplace': None, 'gender': 'unknown', 'displaydate': None, 'prefix': 'Frame by', 'culture': None, 'displayname': 'Frame by M. Grieve Co.', 'alphasort': 'M. Grieve Co.', 'name': 'M. Grieve Co.', 'personid': 11038, 'deathplace': None, 'displayorder': 2}]",19th century,1943.185,"Although never a member of the Pre-Raphaelite Brotherhood, Brown was closely associated with the group. He represents himself in painting garb, with palette in hand. The artist’s “severe” countenance was said to have softened as he grew older; he is fifty-six here. A friend wrote that “it would have been very difficult to find a face of happier character, and one more genially benign, than he habitually carried in later life; and at the same time, its grand lines and heroic character only seemed to increase with age.” The painted and embossed leather screen, with “oriental” motifs, is European, inspired by Chinese lacquer originals.
Brown was a founding member of the firm Morris, Marshall, Faulkner and Company, which specialized in high-style decorative arts. When William Morris reorganized the company in 1875, Brown was dismissed. This portrait was made for Brown’s friend Theodore Watts-Dunton, the lawyer who represented him in the legal proceedings that ensued.",British,230034,"76.2 x 64.1 cm (30 x 25 1/4 in.)
framed: 94 x 81.3 x 7.6 cm (37 x 32 x 3 in.)"
99,73,,"Harvard Art Museums/Fogg Museum, Bequest of Denman W. Ross, Class of 1875",1997-11-01T00:00:00-05:00,Modern and Contemporary Art,,32,1936.0,Paintings,,,,,Oil on canvas,Still Life with Oriental Head,Bequest,"Kanji Nakamura, gift(?); to Denman W. Ross, Cambridge, Massachusetts, bequest; to Fogg Art Museum, 1936.",19th-20th century,Department of Modern & Contemporary Art,0,"[{'role': 'Artist', 'birthplace': 'Nagasaki, Japan', 'gender': 'male', 'displaydate': '1887 - 1932', 'prefix': None, 'culture': 'American', 'displayname': 'Kanji Nakamura', 'alphasort': 'Nakamura, Kanji', 'name': 'Kanji Nakamura', 'personid': 27770, 'deathplace': 'Boston, MA', 'displayorder': 1}]",19th-20th century,1936.150.667,,American,230842,53.7 x 38.4 cm (21 1/8 x 15 1/8 in.)
100,70,,"Harvard Art Museums/Fogg Museum, Light-Outerbridge Collection, Purchase through the generosity of Manson Benedict",1997-10-27T00:00:00-05:00,European and American Art,,22,2000.0,Prints,,,Etching,,,Oriental Merchant with Merchandise at Riverside,Purchase,,17th century,Department of Prints,0,"[{'role': 'Artist', 'birthplace': 'Beverwijck, near Haarlem', 'gender': 'unknown', 'displaydate': '1616 - 1677', 'prefix': None, 'culture': 'Dutch', 'displayname': 'Thomas Wijck', 'alphasort': 'Wijck, Thomas', 'name': 'Thomas Wijck', 'personid': 33454, 'deathplace': 'Haarlem', 'displayorder': 1}]",17th century,M24894,,Dutch,232992,plate: 11.1 x 11.1 cm (4 3/8 x 4 3/8 in.)
101,21,,"Harvard Art Museums/Fogg Museum, Louise Haskell Daly Fund",1997-10-27T00:00:00-05:00,European and American Art,,25,,Prints,,,Etching,,,Small Study of a Head in Oriental Headdress,Not Recorded,,17th century,Department of Prints,0,"[{'role': 'Artist', 'birthplace': 'Genoa, Italy', 'gender': 'male', 'displaydate': '1609 - 1664', 'prefix': None, 'culture': 'Italian', 'displayname': 'Giovanni Benedetto Castiglione', 'alphasort': 'Castiglione, Giovanni Benedetto', 'name': 'Giovanni Benedetto Castiglione', 'personid': 31504, 'deathplace': 'Mantua, Italy', 'displayorder': 1}]",17th century,S6.94.8,,Italian,233151,
102,22,,"Harvard Art Museums/Fogg Museum, Louise Haskell Daly Fund",1997-10-27T00:00:00-05:00,European and American Art,,20,,Prints,,,Etching,,,Small Study of a Head in Oriental Headdress,Not Recorded,,17th century,Department of Prints,0,"[{'role': 'Artist', 'birthplace': 'Genoa, Italy', 'gender': 'male', 'displaydate': '1609 - 1664', 'prefix': None, 'culture': 'Italian', 'displayname': 'Giovanni Benedetto Castiglione', 'alphasort': 'Castiglione, Giovanni Benedetto', 'name': 'Giovanni Benedetto Castiglione', 'personid': 31504, 'deathplace': 'Mantua, Italy', 'displayorder': 1}]",17th century,S6.94.9,,Italian,233152,
103,93,,"Harvard Art Museums/Fogg Museum, Louise Haskell Daly Fund",1997-10-27T00:00:00-05:00,European and American Art,,29,,Prints,,,Etching,,,Small Study of a Head in Oriental Headdress,Not Recorded,,17th century,Department of Prints,0,"[{'role': 'Artist', 'birthplace': 'Genoa, Italy', 'gender': 'male', 'displaydate': '1609 - 1664', 'prefix': None, 'culture': 'Italian', 'displayname': 'Giovanni Benedetto Castiglione', 'alphasort': 'Castiglione, Giovanni Benedetto', 'name': 'Giovanni Benedetto Castiglione', 'personid': 31504, 'deathplace': 'Mantua, Italy', 'displayorder': 1}]",17th century,S6.91.1,,Italian,233443,
104,94,,"Harvard Art Museums/Fogg Museum, Louise Haskell Daly Fund",1997-10-27T00:00:00-05:00,European and American Art,,21,,Prints,,,Etching,,,Small Study of a Head in Oriental Headdress,Not Recorded,,17th century,Department of Prints,0,"[{'role': 'Artist', 'birthplace': 'Genoa, Italy', 'gender': 'male', 'displaydate': '1609 - 1664', 'prefix': None, 'culture': 'Italian', 'displayname': 'Giovanni Benedetto Castiglione', 'alphasort': 'Castiglione, Giovanni Benedetto', 'name': 'Giovanni Benedetto Castiglione', 'personid': 31504, 'deathplace': 'Mantua, Italy', 'displayorder': 1}]",17th century,S6.91.2,,Italian,233444,
105,95,,"Harvard Art Museums/Fogg Museum, Louise Haskell Daly Fund",1997-10-27T00:00:00-05:00,European and American Art,,27,,Prints,,,Etching,,,Small Study of a Head in Oriental Headdress,Not Recorded,,17th century,Department of Prints,0,"[{'role': 'Artist', 'birthplace': 'Genoa, Italy', 'gender': 'male', 'displaydate': '1609 - 1664', 'prefix': None, 'culture': 'Italian', 'displayname': 'Giovanni Benedetto Castiglione', 'alphasort': 'Castiglione, Giovanni Benedetto', 'name': 'Giovanni Benedetto Castiglione', 'personid': 31504, 'deathplace': 'Mantua, Italy', 'displayorder': 1}]",17th century,S6.91.3,,Italian,233445,
106,44,,"Harvard Art Museums/Fogg Museum, Louise Haskell Daly Fund",1997-10-27T00:00:00-05:00,European and American Art,,13,,Prints,,,Etching,,,Small Study of a Head in Oriental Headdress,Not Recorded,,17th century,Department of Prints,0,"[{'role': 'Artist', 'birthplace': 'Genoa, Italy', 'gender': 'male', 'displaydate': '1609 - 1664', 'prefix': None, 'culture': 'Italian', 'displayname': 'Giovanni Benedetto Castiglione', 'alphasort': 'Castiglione, Giovanni Benedetto', 'name': 'Giovanni Benedetto Castiglione', 'personid': 31504, 'deathplace': 'Mantua, Italy', 'displayorder': 1}]",17th century,S6.91.7,,Italian,233494,
107,45,,"Harvard Art Museums/Fogg Museum, Louise Haskell Daly Fund",1997-10-27T00:00:00-05:00,European and American Art,,14,,Prints,,,Etching,,,Small Study of a Head in Oriental Headdress,Not Recorded,,17th century,Department of Prints,0,"[{'role': 'Artist', 'birthplace': 'Genoa, Italy', 'gender': 'male', 'displaydate': '1609 - 1664', 'prefix': None, 'culture': 'Italian', 'displayname': 'Giovanni Benedetto Castiglione', 'alphasort': 'Castiglione, Giovanni Benedetto', 'name': 'Giovanni Benedetto Castiglione', 'personid': 31504, 'deathplace': 'Mantua, Italy', 'displayorder': 1}]",17th century,S6.91.8,,Italian,233495,
108,77,,"Harvard Art Museums/Fogg Museum, Louise Haskell Daly Fund",1997-10-27T00:00:00-05:00,European and American Art,,14,,Prints,,,Etching,,,Small Study of a Head in Oriental Headdress,Not Recorded,,17th century,Department of Prints,0,"[{'role': 'Artist', 'birthplace': 'Genoa, Italy', 'gender': 'male', 'displaydate': '1609 - 1664', 'prefix': None, 'culture': 'Italian', 'displayname': 'Giovanni Benedetto Castiglione', 'alphasort': 'Castiglione, Giovanni Benedetto', 'name': 'Giovanni Benedetto Castiglione', 'personid': 31504, 'deathplace': 'Mantua, Italy', 'displayorder': 1}]",17th century,S6.94.1,,Italian,233527,
109,83,,"Harvard Art Museums/Fogg Museum, Louise Haskell Daly Fund",1997-10-27T00:00:00-05:00,European and American Art,,21,,Prints,,,Etching,,,Small Study of a Head in Oriental Headdress,Not Recorded,,17th century,Department of Prints,0,"[{'role': 'Artist', 'birthplace': 'Genoa, Italy', 'gender': 'male', 'displaydate': '1609 - 1664', 'prefix': None, 'culture': 'Italian', 'displayname': 'Giovanni Benedetto Castiglione', 'alphasort': 'Castiglione, Giovanni Benedetto', 'name': 'Giovanni Benedetto Castiglione', 'personid': 31504, 'deathplace': 'Mantua, Italy', 'displayorder': 1}]",17th century,S6.94.2,,Italian,233533,
110,84,,"Harvard Art Museums/Fogg Museum, Louise Haskell Daly Fund",1997-10-27T00:00:00-05:00,European and American Art,,14,,Prints,,,Etching,,,Small Study of a Head in Oriental Headdress,Not Recorded,,17th century,Department of Prints,0,"[{'role': 'Artist', 'birthplace': 'Genoa, Italy', 'gender': 'male', 'displaydate': '1609 - 1664', 'prefix': None, 'culture': 'Italian', 'displayname': 'Giovanni Benedetto Castiglione', 'alphasort': 'Castiglione, Giovanni Benedetto', 'name': 'Giovanni Benedetto Castiglione', 'personid': 31504, 'deathplace': 'Mantua, Italy', 'displayorder': 1}]",17th century,S6.94.3,,Italian,233534,
111,12,,"Harvard Art Museums/Fogg Museum, Louise Haskell Daly Fund",1997-10-27T00:00:00-05:00,European and American Art,,18,,Prints,,,Etching,,,Small Study of a Head in Oriental Headdress,Not Recorded,,17th century,Department of Prints,0,"[{'role': 'Artist', 'birthplace': 'Genoa, Italy', 'gender': 'male', 'displaydate': '1609 - 1664', 'prefix': None, 'culture': 'Italian', 'displayname': 'Giovanni Benedetto Castiglione', 'alphasort': 'Castiglione, Giovanni Benedetto', 'name': 'Giovanni Benedetto Castiglione', 'personid': 31504, 'deathplace': 'Mantua, Italy', 'displayorder': 1}]",17th century,S6.91.4,,Italian,233562,
112,13,,"Harvard Art Museums/Fogg Museum, Louise Haskell Daly Fund",1997-10-27T00:00:00-05:00,European and American Art,,23,,Prints,,,Etching,,,Small Study of a Head in Oriental Headdress,Not Recorded,,17th century,Department of Prints,0,"[{'role': 'Artist', 'birthplace': 'Genoa, Italy', 'gender': 'male', 'displaydate': '1609 - 1664', 'prefix': None, 'culture': 'Italian', 'displayname': 'Giovanni Benedetto Castiglione', 'alphasort': 'Castiglione, Giovanni Benedetto', 'name': 'Giovanni Benedetto Castiglione', 'personid': 31504, 'deathplace': 'Mantua, Italy', 'displayorder': 1}]",17th century,S6.91.6,,Italian,233563,
113,14,,"Harvard Art Museums/Fogg Museum, Louise Haskell Daly Fund",1997-10-27T00:00:00-05:00,European and American Art,,9,,Prints,,,Etching,,,Small Study of a Head in Oriental Headdress,Not Recorded,,17th century,Department of Prints,0,"[{'role': 'Artist', 'birthplace': 'Genoa, Italy', 'gender': 'male', 'displaydate': '1609 - 1664', 'prefix': None, 'culture': 'Italian', 'displayname': 'Giovanni Benedetto Castiglione', 'alphasort': 'Castiglione, Giovanni Benedetto', 'name': 'Giovanni Benedetto Castiglione', 'personid': 31504, 'deathplace': 'Mantua, Italy', 'displayorder': 1}]",17th century,S6.91.9,,Italian,233564,
114,28,,"Harvard Art Museums/Fogg Museum, Louise Haskell Daly Fund",1997-10-27T00:00:00-05:00,European and American Art,,23,,Prints,,,Etching,,,Small Study of a Head in Oriental Headdress,Not Recorded,,17th century,Department of Prints,0,"[{'role': 'Artist', 'birthplace': 'Genoa, Italy', 'gender': 'male', 'displaydate': '1609 - 1664', 'prefix': None, 'culture': 'Italian', 'displayname': 'Giovanni Benedetto Castiglione', 'alphasort': 'Castiglione, Giovanni Benedetto', 'name': 'Giovanni Benedetto Castiglione', 'personid': 31504, 'deathplace': 'Mantua, Italy', 'displayorder': 1}]",17th century,S6.94.4,,Italian,233578,
115,29,,"Harvard Art Museums/Fogg Museum, Louise Haskell Daly Fund",1997-10-27T00:00:00-05:00,European and American Art,,28,,Prints,,,Etching,,,Small Study of a Head in Oriental Headdress,Not Recorded,,17th century,Department of Prints,0,"[{'role': 'Artist', 'birthplace': 'Genoa, Italy', 'gender': 'male', 'displaydate': '1609 - 1664', 'prefix': None, 'culture': 'Italian', 'displayname': 'Giovanni Benedetto Castiglione', 'alphasort': 'Castiglione, Giovanni Benedetto', 'name': 'Giovanni Benedetto Castiglione', 'personid': 31504, 'deathplace': 'Mantua, Italy', 'displayorder': 1}]",17th century,S6.94.6,,Italian,233579,
116,60,,"Harvard Art Museums/Fogg Museum, Louise Haskell Daly Fund",1997-10-27T00:00:00-05:00,European and American Art,,52,,Prints,,,Etching,,,Small Study of a Head in Oriental Headdress,Not Recorded,,17th century,Department of Prints,0,"[{'role': 'Artist', 'birthplace': 'Genoa, Italy', 'gender': 'male', 'displaydate': '1609 - 1664', 'prefix': 'Traditionally attributed to', 'culture': 'Italian', 'displayname': 'Traditionally attributed to Giovanni Benedetto Castiglione', 'alphasort': 'Castiglione, Giovanni Benedetto', 'name': 'Giovanni Benedetto Castiglione', 'personid': 31504, 'deathplace': 'Mantua, Italy', 'displayorder': 1}, {'role': 'Artist', 'birthplace': None, 'gender': 'male', 'displaydate': 'active c. 1645', 'prefix': None, 'culture': 'Italian', 'displayname': 'Salvatore Castiglione', 'alphasort': 'Castiglione, Salvatore', 'name': 'Salvatore Castiglione', 'personid': 31524, 'deathplace': None, 'displayorder': 2}]",17th century,S6.94.7,,Italian,233610,
117,39,,"Harvard Art Museums/Fogg Museum, Louise Haskell Daly Fund",1997-10-26T00:00:00-04:00,European and American Art,,11,,Prints,,,Etching,,,Large Study of a Head in Oriental Headdress,Not Recorded,,17th century,Department of Prints,0,"[{'role': 'Artist', 'birthplace': 'Genoa, Italy', 'gender': 'male', 'displaydate': '1609 - 1664', 'prefix': None, 'culture': 'Italian', 'displayname': 'Giovanni Benedetto Castiglione', 'alphasort': 'Castiglione, Giovanni Benedetto', 'name': 'Giovanni Benedetto Castiglione', 'personid': 31504, 'deathplace': 'Mantua, Italy', 'displayorder': 1}]",17th century,S6.92.1,,Italian,234898,18.7 x 13.4 cm (7 3/8 x 5 1/4 in.)
118,40,,"Harvard Art Museums/Fogg Museum, Louise Haskell Daly Fund",1997-10-26T00:00:00-04:00,European and American Art,,9,,Prints,,,Etching,,,Large Study of a Head in Oriental Headdress,Not Recorded,,17th century,Department of Prints,0,"[{'role': 'Artist', 'birthplace': 'Genoa, Italy', 'gender': 'male', 'displaydate': '1609 - 1664', 'prefix': None, 'culture': 'Italian', 'displayname': 'Giovanni Benedetto Castiglione', 'alphasort': 'Castiglione, Giovanni Benedetto', 'name': 'Giovanni Benedetto Castiglione', 'personid': 31504, 'deathplace': 'Mantua, Italy', 'displayorder': 1}]",17th century,S6.92.4,,Italian,234899,18.2 x 14.6 cm (7 3/16 x 5 3/4 in.)
119,41,,"Harvard Art Museums/Fogg Museum, Gift of Belinda L. Randall from the collection of John Witt Randall, by exchange",1997-10-26T00:00:00-04:00,European and American Art,,19,,Prints,,,Etching,,,Large Study of Head in Oriental Headdress,Not Recorded,,17th century,Department of Prints,0,"[{'role': 'Artist', 'birthplace': 'Genoa, Italy', 'gender': 'male', 'displaydate': '1609 - 1664', 'prefix': None, 'culture': 'Italian', 'displayname': 'Giovanni Benedetto Castiglione', 'alphasort': 'Castiglione, Giovanni Benedetto', 'name': 'Giovanni Benedetto Castiglione', 'personid': 31504, 'deathplace': 'Mantua, Italy', 'displayorder': 1}]",17th century,S6.92.3,,Italian,234900,18.1 x 15 cm (7 1/8 x 5 7/8 in.)
120,42,,"Harvard Art Museums/Fogg Museum, Gift of Belinda L. Randall from the collection of John Witt Randall, by exchange",1997-10-26T00:00:00-04:00,European and American Art,,11,,Prints,,,Etching,,,Large Study of Head in Oriental Headdress,Not Recorded,,17th century,Department of Prints,0,"[{'role': 'Artist', 'birthplace': 'Genoa, Italy', 'gender': 'male', 'displaydate': '1609 - 1664', 'prefix': None, 'culture': 'Italian', 'displayname': 'Giovanni Benedetto Castiglione', 'alphasort': 'Castiglione, Giovanni Benedetto', 'name': 'Giovanni Benedetto Castiglione', 'personid': 31504, 'deathplace': 'Mantua, Italy', 'displayorder': 1}]",17th century,S6.92.2,,Italian,234901,18 x 14.8 cm (7 1/16 x 5 13/16 in.)
121,50,,"Harvard Art Museums/Fogg Museum, Gray Collection of Engravings Fund, by exchange",1997-10-26T00:00:00-04:00,European and American Art,,5,,Prints,,,Etching,,,Bust of a Bearded Oriental Wearing a Turban with a Feather,Not Recorded,,17th century,Department of Prints,0,"[{'role': 'Artist', 'birthplace': 'Florence, Italy', 'gender': 'male', 'displaydate': '1610 - 1664', 'prefix': None, 'culture': 'Italian', 'displayname': 'Stefano Della Bella', 'alphasort': 'Bella, Stefano Della', 'name': 'Stefano Della Bella', 'personid': 27344, 'deathplace': 'Florence, Italy', 'displayorder': 1}]",17th century,S7.162.4,,Italian,235010,
122,76,,"Harvard Art Museums/Fogg Museum, Anonymous Loan in honor of Daniel Bell",1997-10-26T00:00:00-04:00,European and American Art,,44,,Prints,,,Etching,,Etching on cream antique laid paper,Old Man in Oriental Costume,Not Recorded,,18th century,Department of Prints,0,"[{'role': 'Artist', 'birthplace': 'Venice, Italy', 'gender': 'male', 'displaydate': '1727 - 1804', 'prefix': None, 'culture': 'Italian', 'displayname': 'Giovanni Domenico Tiepolo', 'alphasort': 'Tiepolo, Giovanni Domenico', 'name': 'Giovanni Domenico Tiepolo', 'personid': 29026, 'deathplace': 'Venice, Italy', 'displayorder': 1}]",18th century,24.1985,,Italian,236063,"plate: 14.2 x 11 cm (5 9/16 x 4 5/16 in.)
sheet: 14.5 x 11.8 cm (5 11/16 x 4 5/8 in.)"
123,83,,"Harvard Art Museums/Fogg Museum, Gift of Herrman L. Blumgart, by exchange",1997-10-26T00:00:00-04:00,European and American Art,,16,,Prints,,,Etching,,,Oriental Hunters Chasing Stags,Not Recorded,,16th century,Department of Prints,0,"[{'role': 'Artist', 'birthplace': 'Florence, Italy', 'gender': 'male', 'displaydate': '1555 - 1630', 'prefix': None, 'culture': 'Italian', 'displayname': 'Antonio Tempesta', 'alphasort': 'Tempesta, Antonio', 'name': 'Antonio Tempesta', 'personid': 28991, 'deathplace': 'Rome, Italy', 'displayorder': 1}]",16th century,S9.84.8,,Italian,236374,
124,74,,"Harvard Art Museums/Fogg Museum, Gift of Herrman L. Blumgart, by exchange",1997-10-26T00:00:00-04:00,European and American Art,,12,,Prints,,,Etching,,,Oriental Hunters Killing Monkeys,Not Recorded,,16th century,Department of Prints,0,"[{'role': 'Artist', 'birthplace': 'Florence, Italy', 'gender': 'male', 'displaydate': '1555 - 1630', 'prefix': None, 'culture': 'Italian', 'displayname': 'Antonio Tempesta', 'alphasort': 'Tempesta, Antonio', 'name': 'Antonio Tempesta', 'personid': 28991, 'deathplace': 'Rome, Italy', 'displayorder': 1}]",16th century,S9.80.5,,Italian,236465,
125,98,,"Harvard Art Museums/Fogg Museum, Gift of Herrman L. Blumgart, by exchange",1997-10-26T00:00:00-04:00,European and American Art,,2,,Prints,,,Etching,,,Oriental Hunters Smoking Out a Lion's Den,Not Recorded,,16th century,Department of Prints,0,"[{'role': 'Artist', 'birthplace': 'Florence, Italy', 'gender': 'male', 'displaydate': '1555 - 1630', 'prefix': None, 'culture': 'Italian', 'displayname': 'Antonio Tempesta', 'alphasort': 'Tempesta, Antonio', 'name': 'Antonio Tempesta', 'personid': 28991, 'deathplace': 'Rome, Italy', 'displayorder': 1}]",16th century,S9.84.4,,Italian,236690,
126,7,,"Harvard Art Museums/Fogg Museum, Gift of Herrman L. Blumgart, by exchange",1997-10-26T00:00:00-04:00,European and American Art,,7,,Prints,,,Etching,,,Oriental Hunters Chasing Leopards and Stags,Not Recorded,,16th century,Department of Prints,0,"[{'role': 'Artist', 'birthplace': 'Florence, Italy', 'gender': 'male', 'displaydate': '1555 - 1630', 'prefix': None, 'culture': 'Italian', 'displayname': 'Antonio Tempesta', 'alphasort': 'Tempesta, Antonio', 'name': 'Antonio Tempesta', 'personid': 28991, 'deathplace': 'Rome, Italy', 'displayorder': 1}]",16th century,S9.84.1,,Italian,236699,
127,71,,"Harvard Art Museums/Fogg Museum, Gift of Herrman L. Blumgart, by exchange",1997-10-26T00:00:00-04:00,European and American Art,,18,,Prints,,,Etching,,,"A Leopard Hunt, with Oriental Hunters",Not Recorded,,16th century,Department of Prints,0,"[{'role': 'Artist', 'birthplace': 'Florence, Italy', 'gender': 'male', 'displaydate': '1555 - 1630', 'prefix': None, 'culture': 'Italian', 'displayname': 'Antonio Tempesta', 'alphasort': 'Tempesta, Antonio', 'name': 'Antonio Tempesta', 'personid': 28991, 'deathplace': 'Rome, Italy', 'displayorder': 1}]",16th century,S9.84.5,,Italian,236763,
128,26,,"Harvard Art Museums/Fogg Museum, Gift of Belinda L. Randall from the collection of John Witt Randall",1997-10-24T00:00:00-04:00,European and American Art,,12,,Prints,,,Etching,,,Large Head in Oriental Dress,Gift,,16th century,Department of Prints,0,"[{'role': 'Artist', 'birthplace': 'Genoa, Italy', 'gender': 'male', 'displaydate': '1609 - 1664', 'prefix': None, 'culture': 'Italian', 'displayname': 'Giovanni Benedetto Castiglione', 'alphasort': 'Castiglione, Giovanni Benedetto', 'name': 'Giovanni Benedetto Castiglione', 'personid': 31504, 'deathplace': 'Mantua, Italy', 'displayorder': 1}]",16th century,R1263,,Italian,243103,
129,77,,"Harvard Art Museums/Fogg Museum, Gift of Belinda L. Randall from the collection of John Witt Randall",1997-10-24T00:00:00-04:00,European and American Art,,35,,Prints,,,Etching,,,Large Head in Oriental Dress,Gift,,16th century,Department of Prints,0,"[{'role': 'Artist', 'birthplace': 'Genoa, Italy', 'gender': 'male', 'displaydate': '1609 - 1664', 'prefix': None, 'culture': 'Italian', 'displayname': 'Giovanni Benedetto Castiglione', 'alphasort': 'Castiglione, Giovanni Benedetto', 'name': 'Giovanni Benedetto Castiglione', 'personid': 31504, 'deathplace': 'Mantua, Italy', 'displayorder': 1}]",16th century,R1261,,Italian,243870,
130,12,,"Harvard Art Museums/Fogg Museum, Gift of Belinda L. Randall from the collection of John Witt Randall",1997-10-24T00:00:00-04:00,European and American Art,,5,,Prints,,,Etching,,,Three Heads of Orientals,Gift,"John Witt Randall, bequest to his sister.
Belinda Lull Randall, gift to Harvard University, 1892. sister of John Witt Randall
",18th-19th century,Department of Prints,0,"[{'role': 'Artist', 'birthplace': None, 'gender': 'male', 'displaydate': '1743 - 1808', 'prefix': None, 'culture': 'British', 'displayname': 'David Deuchar', 'alphasort': 'Deuchar, David', 'name': 'David Deuchar', 'personid': 31825, 'deathplace': None, 'displayorder': 1}]",18th-19th century,R13346,,British,245217,
131,15,,"Harvard Art Museums/Fogg Museum, Gift of Belinda L. Randall from the collection of John Witt Randall",1997-10-24T00:00:00-04:00,European and American Art,,5,,Prints,,,Etching,,,Two Male Oriental Heads,Gift,"John Witt Randall, bequest to his sister.
Belinda Lull Randall, sister of John Witt Randall, gift to Harvard University, 1892.
",1782,Department of Prints,1782,"[{'role': 'Artist', 'birthplace': None, 'gender': 'male', 'displaydate': '1750 - 1784', 'prefix': None, 'culture': 'British', 'displayname': 'Robert Blyth', 'alphasort': 'Blyth, Robert', 'name': 'Robert Blyth', 'personid': 31316, 'deathplace': None, 'displayorder': 1}, {'role': 'Artist after', 'birthplace': 'Eastbourne, England', 'gender': 'male', 'displaydate': '1740 - 1779', 'prefix': 'After', 'culture': 'British', 'displayname': 'After John Hamilton Mortimer', 'alphasort': 'Mortimer, John Hamilton', 'name': 'John Hamilton Mortimer', 'personid': 27702, 'deathplace': 'London', 'displayorder': 2}]",18th century,R6263,,British,245620,
132,44,,"Harvard Art Museums/Fogg Museum, Gift of Belinda L. Randall from the collection of John Witt Randall",1997-10-24T00:00:00-04:00,European and American Art,,3,,Prints,,,Etching,,,Oriental Figure,Gift,"John Witt Randall, bequest; to Belinda Lull Randall, his sister, gift; to Harvard University, 1892
",19th century,Department of Prints,0,"[{'role': 'Artist', 'birthplace': None, 'gender': 'male', 'displaydate': '1766 - 1831', 'prefix': None, 'culture': 'Italian', 'displayname': 'Giuseppe Longhi', 'alphasort': 'Longhi, Giuseppe', 'name': 'Giuseppe Longhi', 'personid': 33658, 'deathplace': None, 'displayorder': 1}, {'role': 'Artist after', 'birthplace': 'Siegen, Westphalia', 'gender': 'male', 'displaydate': '1577 - 1640', 'prefix': 'After', 'culture': 'Flemish', 'displayname': 'After Peter Paul Rubens', 'alphasort': 'Rubens, Peter Paul', 'name': 'Peter Paul Rubens', 'personid': 28402, 'deathplace': 'Antwerp, Belgium', 'displayorder': 2}]",19th century,R12592,,Italian,246649,
133,56,,"Harvard Art Museums/Fogg Museum, Gift of Belinda L. Randall from the collection of John Witt Randall",1997-10-24T00:00:00-04:00,European and American Art,,16,,Prints,,,Etching,,,Bust of an Oriental with Beard and High Cap,Gift,"John Witt Randall, bequest to his sister.
Belinda Lull Randall, gift to Harvard University, 1892. sister of John Witt Randall
",18th century,Department of Prints,0,"[{'role': 'Artist', 'birthplace': 'Berlin', 'gender': 'male', 'displaydate': '1712 - 1775', 'prefix': None, 'culture': 'German', 'displayname': 'Georg Friedrich Schmidt', 'alphasort': 'Schmidt, Georg Friedrich', 'name': 'Georg Friedrich Schmidt', 'personid': 30464, 'deathplace': 'Berlin', 'displayorder': 1}]",18th century,R3202,,German,247661,
134,89,,"Harvard Art Museums/Fogg Museum, Gift of Belinda L. Randall from the collection of John Witt Randall",1997-10-24T00:00:00-04:00,European and American Art,,2,,Prints,,,Etching,,,Bust of an Oriental,Gift,"John Witt Randall, bequest to his sister.
Belinda Lull Randall, sister of John Witt Randall, gift to Harvard University, 1892.
",18th century,Department of Prints,0,"[{'role': 'Artist', 'birthplace': None, 'gender': 'unknown', 'displaydate': 'c. 1740 - 1814', 'prefix': None, 'culture': 'German', 'displayname': 'Barthholomäus Ignaz Weiss', 'alphasort': 'Weiss, Barthholomäus Ignaz', 'name': 'Barthholomäus Ignaz Weiss', 'personid': 29354, 'deathplace': None, 'displayorder': 1}]",18th century,R6177,,German,247694,
135,49,,"Harvard Art Museums/Fogg Museum, Gift of Belinda L. Randall from the collection of John Witt Randall",1997-10-24T00:00:00-04:00,European and American Art,,104,,Prints,,,Etching,,Etching on whiteantique laid paper,Three Oriental Figures (Jacob and Laban),Gift,"John Witt Randall, bequest to his sister.
Belinda Lull Randall, gift to Harvard University, 1892. sister of John Witt Randall
",17th century,Department of Prints,0,"[{'role': 'Artist', 'birthplace': None, 'gender': 'unknown', 'displaydate': None, 'prefix': None, 'culture': None, 'displayname': 'Unidentified Artist', 'alphasort': 'Unidentified Artist', 'name': 'Unidentified Artist', 'personid': 34147, 'deathplace': None, 'displayorder': 1}, {'role': 'Artist after', 'birthplace': 'Leiden', 'gender': 'male', 'displaydate': '1606 - 1669', 'prefix': 'After', 'culture': 'Dutch', 'displayname': 'After Rembrandt Harmensz. van Rijn', 'alphasort': 'Rembrandt Harmensz. van Rijn', 'name': 'Rembrandt Harmensz. van Rijn', 'personid': 28241, 'deathplace': 'Amsterdam', 'displayorder': 2}, {'role': 'Publisher', 'birthplace': None, 'gender': 'unknown', 'displaydate': None, 'prefix': 'Published by', 'culture': None, 'displayname': 'Published by Johann Georg Hertel', 'alphasort': 'Hertel, Johann Georg', 'name': 'Johann Georg Hertel', 'personid': 65415, 'deathplace': None, 'displayorder': 3}]",17th century,R1015,,Dutch,249458,sheet: 14.1 × 11.1 cm (5 9/16 × 4 3/8 in.)
136,27,,"Harvard Art Museums/Fogg Museum, Gift of Belinda L. Randall from the collection of John Witt Randall",1997-10-24T00:00:00-04:00,European and American Art,,19,,Prints,,,Etching and drypoint,,Etching and drypoint with considerable plate tone (posthumous impression) on white antique laid paper,Three Oriental Figures,Gift,"John Witt Randall, bequest to his sister.
Belinda Lull Randall, gift to Harvard University, 1892. sister of John Witt Randall
",1641,Department of Prints,1641,"[{'role': 'Artist', 'birthplace': 'Leiden', 'gender': 'male', 'displaydate': '1606 - 1669', 'prefix': None, 'culture': 'Dutch', 'displayname': 'Rembrandt Harmensz. van Rijn', 'alphasort': 'Rembrandt Harmensz. van Rijn', 'name': 'Rembrandt Harmensz. van Rijn', 'personid': 28241, 'deathplace': 'Amsterdam', 'displayorder': 1}]",17th century,R1014,,Dutch,249937,plate: 14.4 x 11.2 cm (5 11/16 x 4 7/16 in.)
137,3,,"Harvard Art Museums/Fogg Museum, Gift of James A. Bergquist",1997-10-23T00:00:00-04:00,European and American Art,,80,1993.0,Prints,,,Spongotype,,,Oriental,Gift,,1895,Department of Prints,1895,"[{'role': 'Artist', 'birthplace': 'Waal, Germany', 'gender': 'male', 'displaydate': '1849 - 1914', 'prefix': None, 'culture': 'British', 'displayname': 'Hubert von Herkomer', 'alphasort': 'Herkomer, Hubert von', 'name': 'Hubert von Herkomer', 'personid': 30621, 'deathplace': 'Budleigh Salterton, England', 'displayorder': 1}]",19th century,M22134,,British,250714,23.3 x 18 cm (9 3/16 x 7 1/16 in.)
138,98,,"Harvard Art Museums/Fogg Museum, Gift of Millié Sucov",1997-10-21T00:00:00-04:00,Modern and Contemporary Art,,56,1993.0,Prints,,,Etching,,,Oriental Head,Gift,"Millié Sucov, Pittsburgh, Pennsylvania, gift; to Harvard University Art Museums, March 9, 1993.",1992,Department of Prints,1992,"[{'role': 'Artist', 'birthplace': None, 'gender': 'unidentified', 'displaydate': 'born 1931', 'prefix': None, 'culture': 'American', 'displayname': 'Leonard Leibowitz', 'alphasort': 'Leibowitz, Leonard', 'name': 'Leonard Leibowitz', 'personid': 32376, 'deathplace': None, 'displayorder': 1}, {'role': 'Artist after', 'birthplace': 'Leiden', 'gender': 'male', 'displaydate': '1606 - 1669', 'prefix': 'After', 'culture': 'Dutch', 'displayname': 'After Rembrandt Harmensz. van Rijn', 'alphasort': 'Rembrandt Harmensz. van Rijn', 'name': 'Rembrandt Harmensz. van Rijn', 'personid': 28241, 'deathplace': 'Amsterdam', 'displayorder': 2}, {'role': 'Artist after', 'birthplace': 'Leiden, Netherlands', 'gender': 'male', 'displaydate': '1607 - 1674', 'prefix': 'After', 'culture': 'Dutch', 'displayname': 'After Jan Lievens', 'alphasort': 'Lievens, Jan', 'name': 'Jan Lievens', 'personid': 27195, 'deathplace': 'Amsterdam, Netherlands', 'displayorder': 3}]",20th century,M22124,,American,255857,"plate: 11.5 x 10.8 cm (4 1/2 x 4 1/4 in.)
sheet: 12.9 x 11.9 cm (5 1/16 x 4 11/16 in.)"
139,90,,"Harvard Art Museums/Fogg Museum, Gift of Eric A. von Raits in memory of Helen van C. de Peyster von Raits",1997-10-21T00:00:00-04:00,European and American Art,,79,,Prints,,,Engraving,,,Oriental Hunters Chasing Antelopes with Cheetahs and Dogs,Gift,,16th-17th century,Department of Prints,0,"[{'role': 'Artist', 'birthplace': 'Florence, Italy', 'gender': 'male', 'displaydate': '1555 - 1630', 'prefix': None, 'culture': 'Italian', 'displayname': 'Antonio Tempesta', 'alphasort': 'Tempesta, Antonio', 'name': 'Antonio Tempesta', 'personid': 28991, 'deathplace': 'Rome, Italy', 'displayorder': 1}, {'role': 'Publisher', 'birthplace': 'Amsterdam', 'gender': 'male', 'displaydate': '1587 - 1652', 'prefix': 'Published by', 'culture': 'Dutch', 'displayname': 'Published by Claes Jansz. Visscher', 'alphasort': 'Visscher, Claes Jansz.', 'name': 'Claes Jansz. Visscher', 'personid': 29241, 'deathplace': 'Amsterdam', 'displayorder': 2}]",16th-17th century,M22312.52,,Italian,260880,10 x 14 cm (3 15/16 x 5 1/2 in.)
140,48,,"Harvard Art Museums/Fogg Museum, Bequest of Arnold H. Knapp",1997-10-21T00:00:00-04:00,European and American Art,,8,1956.0,Prints,,,Etching,,,"Café Orientale, Venice",Bequest,,1911,Department of Prints,1911,"[{'role': 'Artist', 'birthplace': 'Philadelphia, PA', 'gender': 'male', 'displaydate': '1857 - 1926', 'prefix': None, 'culture': 'American', 'displayname': 'Joseph Pennell', 'alphasort': 'Pennell, Joseph', 'name': 'Joseph Pennell', 'personid': 28026, 'deathplace': 'Brooklyn, NY', 'displayorder': 1}]",20th century,M13271,,American,261139,
141,81,,"Harvard Art Museums/Fogg Museum, Bequest of Edwin deT. Bechtel",1997-10-20T00:00:00-04:00,European and American Art,,15,1957.0,Prints,,Modern impression,Etching and drypoint,,"Etching with plate tone (modern impression) on off-white modern laid paper, a blank page removed from a book",Three Oriental Figures,Bequest,"Edwin De Turck Bechtel (Lugt 4707), bequest; to Fogg Art Museum, 1957",1641,Department of Prints,1641,"[{'role': 'Artist', 'birthplace': 'Leiden', 'gender': 'male', 'displaydate': '1606 - 1669', 'prefix': None, 'culture': 'Dutch', 'displayname': 'Rembrandt Harmensz. van Rijn', 'alphasort': 'Rembrandt Harmensz. van Rijn', 'name': 'Rembrandt Harmensz. van Rijn', 'personid': 28241, 'deathplace': 'Amsterdam', 'displayorder': 1}]",17th century,M13400,,Dutch,262182,"plate: 14.4 x 11.1 cm (5 11/16 x 4 3/8 in.)
sheet: 25 × 17 cm (9 13/16 × 6 11/16 in.)"
142,59,,"Harvard Art Museums/Fogg Museum, Gift of the heirs of Mrs. Mary Hemenway",1997-10-20T00:00:00-04:00,European and American Art,,52,1918.0,Prints,,,Etching and engraving,,Etching and engraving on white antique laid paper discolored to pale tan,"Bearded Man, in a Furred Oriental Cap and Robe",Gift,"Mary Hemenway, by descent; to her heirs, gift; to Fogg Art Museum, 1918",1631,Department of Prints,1631,"[{'role': 'Artist', 'birthplace': 'Leiden', 'gender': 'male', 'displaydate': '1606 - 1669', 'prefix': None, 'culture': 'Dutch', 'displayname': 'Rembrandt Harmensz. van Rijn', 'alphasort': 'Rembrandt Harmensz. van Rijn', 'name': 'Rembrandt Harmensz. van Rijn', 'personid': 28241, 'deathplace': 'Amsterdam', 'displayorder': 1}]",17th century,M872,,Dutch,262264,"plate: 14.7 × 12.4 cm (5 13/16 × 4 7/8 in.)
sheet: 15.2 × 12.9 cm (6 × 5 1/16 in.)"
143,28,,"Harvard Art Museums/Fogg Museum, Gift of Paul J. Sachs",1997-10-19T00:00:00-04:00,European and American Art,,7,1911.0,Prints,,,Etching,,,Oriental Objects,Gift,,1863,Department of Prints,1863,"[{'role': 'Artist', 'birthplace': 'Paris', 'gender': 'male', 'displaydate': '1837 - 1880', 'prefix': None, 'culture': 'French', 'displayname': 'Jules Ferdinand Jacquemart', 'alphasort': 'Jacquemart, Jules Ferdinand', 'name': 'Jules Ferdinand Jacquemart', 'personid': 31023, 'deathplace': 'Paris', 'displayorder': 1}]",19th century,M277,,French,265350,
144,67,,"Harvard Art Museums/Fogg Museum, Gift of Paul J. Sachs",1997-10-19T00:00:00-04:00,European and American Art,,13,1911.0,Prints,,,Etching,,Etching on off-white laid paper,Goblet of Oriental Jasper and Vase of Rock Crystal,Gift,,19th century,Department of Prints,0,"[{'role': 'Artist', 'birthplace': 'Paris', 'gender': 'male', 'displaydate': '1837 - 1880', 'prefix': None, 'culture': 'French', 'displayname': 'Jules Ferdinand Jacquemart', 'alphasort': 'Jacquemart, Jules Ferdinand', 'name': 'Jules Ferdinand Jacquemart', 'personid': 31023, 'deathplace': 'Paris', 'displayorder': 1}]",19th century,M281,,French,265489,
145,16,,"Harvard Art Museums/Fogg Museum, Gift of Paul J. Sachs",1997-10-19T00:00:00-04:00,European and American Art,,11,1911.0,Prints,,,Etching,,,Comfit-Dish of Oriental Jasper,Gift,,1864,Department of Prints,1864,"[{'role': 'Artist', 'birthplace': 'Paris', 'gender': 'male', 'displaydate': '1837 - 1880', 'prefix': None, 'culture': 'French', 'displayname': 'Jules Ferdinand Jacquemart', 'alphasort': 'Jacquemart, Jules Ferdinand', 'name': 'Jules Ferdinand Jacquemart', 'personid': 31023, 'deathplace': 'Paris', 'displayorder': 1}]",19th century,M256,,French,265538,
146,20,,"Harvard Art Museums/Fogg Museum, Gift of Paul J. Sachs",1997-10-19T00:00:00-04:00,European and American Art,,12,1911.0,Prints,,,Etching,,,Goblet of Oriental Sardonyx,Gift,,19th century,Department of Prints,0,"[{'role': 'Artist', 'birthplace': 'Paris', 'gender': 'male', 'displaydate': '1837 - 1880', 'prefix': None, 'culture': 'French', 'displayname': 'Jules Ferdinand Jacquemart', 'alphasort': 'Jacquemart, Jules Ferdinand', 'name': 'Jules Ferdinand Jacquemart', 'personid': 31023, 'deathplace': 'Paris', 'displayorder': 1}]",19th century,M283,,French,265542,
147,63,,"Harvard Art Museums/Fogg Museum, Gift of Carl Pickhardt, Class of 1931",1997-10-19T00:00:00-04:00,European and American Art,,0,,Prints,,,Lithograph,,,Rocambole Threatens... the Oriental Question...,Gift,,1867,Department of Prints,1867,"[{'role': 'Artist', 'birthplace': 'Marseille, France', 'gender': 'male', 'displaydate': '1808-1879', 'prefix': None, 'culture': 'French', 'displayname': 'Honoré-Victorin Daumier', 'alphasort': 'Daumier, Honoré-Victorin', 'name': 'Honoré-Victorin Daumier', 'personid': 34691, 'deathplace': 'Valmondois, France', 'displayorder': 1}]",19th century,M19136,,French,266187,
148,22,,"Harvard Art Museums/Fogg Museum, Gray Collection of Engravings Fund",1997-09-04T00:00:00-04:00,European and American Art,,1,,Prints,,,Photomechanical print,,,Two Men in Oriental Costume,Not Recorded,,19th century,Department of Prints,0,"[{'role': 'Artist', 'birthplace': None, 'gender': 'unknown', 'displaydate': '19th century', 'prefix': None, 'culture': 'German', 'displayname': 'J. Löwy', 'alphasort': 'Löwy, J.', 'name': 'J. Löwy', 'personid': 30261, 'deathplace': None, 'displayorder': 1}, {'role': 'Artist after', 'birthplace': None, 'gender': 'unknown', 'displaydate': 'c. 1421 - 1457', 'prefix': 'After', 'culture': 'Italian, Florentine', 'displayname': 'After Andrea del Castagno', 'alphasort': 'Castagno, Andrea del', 'name': 'Andrea del Castagno', 'personid': 20855, 'deathplace': None, 'displayorder': 2}]",19th century,G7085,,German,273922,
149,53,,"Harvard Art Museums/Fogg Museum, Gift of William Gray from the collection of Francis Calley Gray",1997-09-03T00:00:00-04:00,European and American Art,,9,,Prints,,,Etching,,,Oriental Figure,Not Recorded,"Francis Calley, Gray, bequest; to William Gray, his nephew, 1856, gift; to Harvard University, 1857
",19th century,Department of Prints,0,"[{'role': 'Artist', 'birthplace': None, 'gender': 'male', 'displaydate': '1766 - 1831', 'prefix': None, 'culture': 'Italian', 'displayname': 'Giuseppe Longhi', 'alphasort': 'Longhi, Giuseppe', 'name': 'Giuseppe Longhi', 'personid': 33658, 'deathplace': None, 'displayorder': 1}, {'role': 'Artist after', 'birthplace': 'Siegen, Westphalia', 'gender': 'male', 'displaydate': '1577 - 1640', 'prefix': 'After', 'culture': 'Flemish', 'displayname': 'After Peter Paul Rubens', 'alphasort': 'Rubens, Peter Paul', 'name': 'Peter Paul Rubens', 'personid': 28402, 'deathplace': 'Antwerp, Belgium', 'displayorder': 2}]",19th century,G2396,,Italian,277435,
150,80,,"Harvard Art Museums/Fogg Museum, Gray Collection of Engravings Fund",1997-09-03T00:00:00-04:00,European and American Art,,24,,Prints,,,Etching,,,The Oriental Peasant and His Family,Not Recorded,,18th century,Department of Prints,0,"[{'role': 'Artist', 'birthplace': 'Venice, Italy', 'gender': 'male', 'displaydate': '1696 - 1770', 'prefix': None, 'culture': 'Italian', 'displayname': 'Giovanni Battista Tiepolo', 'alphasort': 'Tiepolo, Giovanni Battista', 'name': 'Giovanni Battista Tiepolo', 'personid': 29027, 'deathplace': 'Madrid, Spain', 'displayorder': 1}]",18th century,G8664,,Italian,278782,
151,35,,"Harvard Art Museums/Fogg Museum, Gift of William Gray from the collection of Francis Calley Gray",1997-09-03T00:00:00-04:00,European and American Art,,57,,Prints,,,Etching,,Etching with plate tone on white antique laid paper,The First Oriental Head,Not Recorded,"W. Ackermann.
Francis Calley Gray, bequest to nephew, 1856.
William Gray, gift to Harvard University, 1857.
",1635,Department of Prints,1635,"[{'role': 'Artist', 'birthplace': 'Leiden', 'gender': 'male', 'displaydate': '1606 - 1669', 'prefix': None, 'culture': 'Dutch', 'displayname': 'Rembrandt Harmensz. van Rijn', 'alphasort': 'Rembrandt Harmensz. van Rijn', 'name': 'Rembrandt Harmensz. van Rijn', 'personid': 28241, 'deathplace': 'Amsterdam', 'displayorder': 1}]",17th century,G3285,,Dutch,279260,"plate: 15 × 12.4 cm (5 7/8 × 4 7/8 in.)
sheet: 16.1 × 13.1 cm (6 5/16 × 5 3/16 in.)"
152,38,,"Harvard Art Museums/Fogg Museum, Gift of William Gray from the collection of Francis Calley Gray",1997-09-03T00:00:00-04:00,European and American Art,,77,,Prints,,,Etching,,Etching with added gray and brown wash on white antique laid paper,Rembrandt's Mother in an Oriental Headdress,Not Recorded,"Francis Calley Gray, bequest to nephew, 1856.
William Gray, gift to Harvard University, 1857.
",1631,Department of Prints,1631,"[{'role': 'Artist', 'birthplace': 'Leiden', 'gender': 'male', 'displaydate': '1606 - 1669', 'prefix': None, 'culture': 'Dutch', 'displayname': 'Rembrandt Harmensz. van Rijn', 'alphasort': 'Rembrandt Harmensz. van Rijn', 'name': 'Rembrandt Harmensz. van Rijn', 'personid': 28241, 'deathplace': 'Amsterdam', 'displayorder': 1}]",17th century,G3290,,Dutch,279263,plate: 14.6 × 12.7 cm (5 3/4 × 5 in.)
153,94,,"Harvard Art Museums/Fogg Museum, Gray Collection of Engravings Fund",1993-08-09T00:00:00-04:00,European and American Art,,40,,Prints,,,Etching,,,Oriental Merchant with Merchandise at Riverside,Not Recorded,,17th century,Department of Prints,0,"[{'role': 'Artist', 'birthplace': 'Beverwijck, near Haarlem', 'gender': 'unknown', 'displaydate': '1616 - 1677', 'prefix': None, 'culture': 'Dutch', 'displayname': 'Thomas Wijck', 'alphasort': 'Wijck, Thomas', 'name': 'Thomas Wijck', 'personid': 33454, 'deathplace': 'Haarlem', 'displayorder': 1}]",17th century,G8249,,Dutch,280290,
155,61,,"Harvard Art Museums/Fogg Museum, Bequest of Mrs. William Hayes Fogg",1998-07-12T00:00:00-04:00,European and American Art,,45,1895.0,Jewelry,,,,,Iron with gold and silver,"""Oriental"" bracelet",Bequest,"Mrs. William Hayes Fogg, New York, NY, Bequest to Fogg Art Museum, 1895.
",18th-19th century,"Department of Paintings, Sculpture & Decorative Arts",0,"[{'role': 'Artist', 'birthplace': None, 'gender': 'unknown', 'displaydate': None, 'prefix': None, 'culture': None, 'displayname': 'Unidentified Artist', 'alphasort': 'Unidentified Artist', 'name': 'Unidentified Artist', 'personid': 34147, 'deathplace': None, 'displayorder': 1}]",18th-19th century,1895.617,,Japanese,210629,2.86 x 20.32 cm (1 1/8 x 8 in.)
